,Occupational_Category,Number_of_Full_Time_Year_Round_Workers_Total_Estimate,Number_of_Full_Time_Year_Round_Workers_Total_MOE,Number_of_Full_Time_Year_Round_Workers_Men_Estimate,Number_of_Full_Time_Year_Round_Workers_Men_MOE,Number_of_Full_Time_Year_Round_Workers_Women_Estimate,Number_of_Full_Time_Year_Round_Workers_Women_MOE,Percentage_of_Women_in_Occupational_Category_Estimate,Percentage_of_Women_in_Occupational_Category_MOE,Median_Earnings_In_Dollars_Total_Estimate,Median_Earnings_In_Dollars_Total_MOE,Median_Earnings_In_Dollars_Men_Estimate,Median_Earnings_In_Dollars_Men_MOE,Median_Earnings_In_Dollars_Women_Estimate,Median_Earnings_In_Dollars_Women_MOE,Womens_Earnings_As_A_Percentage_of_Mens_Earnings_Estimate,Womens_Earnings_As_A_Percentage_of_Mens_Earnings_MOE
0,Total,106609098,133999,60708461.0,96733,45900637.0,88317,43.05508429,0.1,45860,66,50741,54,40675,54,80.2,0.1
1,"Management, Business, Science, and Arts Occupations",44274859,130437,22578160.0,79447,21696699.0,82092,49.00455809,0.1,65004,161,76692,155,55474,144,72.3,0.3
2,"Management, Business, and Financial Occupations",19812917,75230,11195064.0,55370,8617853.0,46676,43.49613437,0.2,70602,135,80473,201,60751,124,75.5,0.2
3,Management Occupations,13689475,62435,8380083.0,44079,5309392.0,40577,38.78448224,0.2,73688,473,81829,235,62254,175,76.1,0.3
4,Chief executives,1068258,17593,813898.0,14815,254360.0,7288,23.81072737,0.6,130266,1910,141108,1375,103564,4259,73.39342915,3.1
5,General and operations managers,834005,12760,588111.0,9849,245894.0,8348,29.48351629,0.9,70686,627,76246,776,56906,1111,74.63473494,1.6
6,Legislators,13966,1709,7431.0,1235,6535.0,1456,46.79220965,8.7,65592,5454,67233,12792,63788,10085,94.87602814,23.5
7,Advertising and promotions managers,42996,3032,17752.0,1984,25244.0,2262,58.71243837,3.2,67082,3498,79594,6833,61173,3088,76.8562957,7.7
8,Marketing and sales managers,843840,15667,464995.0,10519,378845.0,10042,44.89535931,0.8,82357,1263,100137,1477,69079,2413,68.98449125,2.6
9,Public relations and fundraising managers,51121,3755,16705.0,1963,34416.0,3046,67.32262671,3.3,77835,4128,84016,7323,75260,3792,89.57817559,9
10,Administrative services managers,136431,5932,82550.0,4394,53881.0,4158,39.49322368,2.5,64208,1927,69788,3102,60177,1731,86.2282914,4.6
11,Computer and information systems managers,564747,10510,413250.0,9263,151497.0,5243,26.82564051,0.8,103513,1960,107411,1908,95603,2703,89.00671253,3
12,Financial managers,1067163,18404,506068.0,10743,561095.0,14469,52.57819096,1.0,76178,753,100505,689,62089,579,61.77702602,0.7
14,Human resources managers,369518,9073,143842.0,5734,225676.0,7354,61.07307357,1.3,72008,801,77463,4593,70342,1351,90.80722409,5.7
15,Training and development managers,49960,3854,23959.0,2914,26001.0,3042,52.04363491,4.6,72153,4805,82392,7206,64686,5535,78.51004952,9.6
16,Industrial production managers,220263,7532,176191.0,6559,44072.0,3231,20.00880765,1.3,76077,1099,77262,1807,70073,4005,90.69529652,5.6
17,Purchasing managers,181255,6560,94445.0,5029,86810.0,4236,47.89385120000001,1.6,76501,1625,82307,2505,70023,2812,85.07538848,4.3
18,"Transportation, storage, and distribution managers",222794,7309,182671.0,7383,40123.0,3402,18.00901281,1.4,52485,1573,52318,1091,54796,3599,104.7364196,7.2
19,"Farmers, ranchers, and other agricultural managers",451680,9794,400989.0,9109,50691.0,3094,11.22276833,0.6,41404,525,42190,737,30405,1257,72.06684048,3.2
20,Construction managers,573250,12237,528329.0,11869,44921.0,3637,7.836197122000001,0.6,71331,693,71907,803,62218,3121,86.52565119,4.4
21,Education administrators,747962,12539,282062.0,8717,465900.0,8797,62.28926068,0.5,70748,476,80380,827,64509,1589,80.25503857,2.1
22,Architectural and engineering managers,144812,5961,131956.0,5939,12856.0,1857,8.877717316,1.2,130293,2326,130300,2512,130255,6336,99.96546431,5.2
23,Food service managers,792807,16772,436773.0,11837,356034.0,11181,44.90802932,1.0,38380,1296,42601,1510,31861,485,74.78932419,2.9
25,Gaming managers,15477,1758,10129.0,1417,5348.0,1170,34.55450023,6.5,55674,5819,56664,8926,52872,6227,93.30792037,18.4
26,Lodging managers,107568,5734,50893.0,3792,56675.0,4558,52.68760226,3.2,45875,1807,51697,1832,41285,1145,79.85956632,3.6
27,Medical and health services managers,606615,11531,176012.0,6730,430603.0,9999,70.98456187,0.9,71739,750,87311,3047,66855,876,76.57110788,2.9
28,Natural sciences managers,17916,1981,8464.0,1527,9452.0,1392,52.7573119,5.1,92161,11812,111817,10376,76768,9964,68.65503457,11
29,Postmasters and mail superintendents,20947,2406,11398.0,1820,9549.0,1304,45.58648016,3.4,71429,948,72401,3138,67745,4019,93.5691496,6.9
30,"Property, real estate, and community association managers",459115,10712,233710.0,7103,225405.0,7807,49.09554251,1.3,51957,590,61797,1225,46405,788,75.09264204,2
31,Social and community service managers,296269,8924,91027.0,4183,205242.0,7693,69.27555701,1.5,56610,773,68388,3529,52444,1006,76.6859683,4.2
33,"Managers, all other",3758629,31438,2472383.0,25093,1286246.0,18609,34.22114819,0.4,78843,1058,84600,1380,67769,1311,80.10520095,2
34,Business and Financial Operations Occupations,6123442,37510,2814981.0,29961,3308461.0,25111,54.02943312,0.3,63511,458,74011,863,56897,298,76.9,1
35,"Agents and business managers of artists, performers, and athletes",33337,3818,17328.0,2356,16009.0,2227,48.02171761,3.8,51728,2495,55328,7454,50761,3937,91.74558994,14.3
37,"Wholesale and retail buyers, except farm products",139871,6122,71088.0,4447,68783.0,4294,49.17602648,2.2,41625,876,41612,1574,41637,1247,100.0600788,4.8
38,"Purchasing agents, except wholesale, retail, and farm products",253717,7897,122410.0,5830,131307.0,5213,51.75333147,1.3,54740,1558,60366,989,51121,620,84.68508763,1.7
39,"Claims adjusters, appraisers, examiners, and investigators",271129,9435,105531.0,5150,165598.0,7308,61.07719941,1.7,52582,1135,60840,870,50024,966,82.22222222,2
40,Compliance officers,226344,7585,107204.0,5395,119140.0,5702,52.63669459,1.8,69262,2222,73211,3041,64588,2074,88.22171532,4.6
41,Cost estimators,122804,5612,105522.0,5415,17282.0,1900,14.0728315,1.4,63106,1804,65805,1115,49752,3618,75.60519717,5.6
42,Human resources workers,678049,13678,188438.0,7495,489611.0,11789,72.20879317,0.9,57369,884,66412,1923,54975,1061,82.77871469,2.9
43,"Compensation, benefits, and job analysis specialists",47978,3563,10731.0,1783,37247.0,3095,77.63349869,2.9,54108,3093,62886,6056,51522,1426,81.92920523,8.2
44,Training and development specialists,111303,5046,50284.0,3499,61019.0,3700,54.82242168,2.2,58739,3093,65332,3572,52456,2925,80.29143452,6.3
45,Logisticians,117328,4387,77464.0,3784,39864.0,3154,33.97654439,2.4,52260,1148,55233,1921,50220,1476,90.92390419,4.1
46,Management analysts,630863,11588,369877.0,8099,260986.0,8942,41.36967931,1.2,83080,1848,91169,977,76338,975,83.73240904,1.4
47,"Meeting, convention, and event planners",96349,5575,24116.0,2970,72233.0,4805,74.97016056,2.5,46598,1026,42729,4863,47221,1374,110.5127665,13
48,Fundraisers,68581,3864,20709.0,2101,47872.0,3118,69.80358992,2.3,66048,1339,77186,9364,64272,2599,83.2689866,10.6
49,Market research analysts and marketing specialists,237008,8119,103644.0,5151,133364.0,5503,56.26983055,1.3,70985,993,82565,4481,64398,2652,77.99672985,5.3
50,"Business operations specialists, all other",236553,8302,110674.0,5355,125879.0,6288,53.21386751,1.9,61811,1228,73014,3286,52499,2293,71.90264881,4.5
51,Accountants and auditors,1628824,22541,656553.0,14897,972271.0,16071,59.69159344,0.5,63740,912,76129,621,57370,659,75.35893024,1.1
52,Appraisers and assessors of real estate,73690,4418,50409.0,3624,23281.0,2152,31.59316054,2.2,60533,1628,62298,4197,50291,3046,80.72650807,7.3
53,Budget analysts,42410,3427,16123.0,1854,26287.0,2747,61.98302287,4.1,71237,1973,75399,3473,68955,3569,91.45346755,6.3
54,Credit analysts,26382,3164,12589.0,1965,13793.0,2163,52.28185884,5.3,53909,3990,58520,6984,51419,3667,87.86568694,12.2
55,Financial analysts,194932,7214,117808.0,6083,77124.0,4304,39.56456611,1.7,82415,1852,93203,3858,73427,3190,78.78179887,4.7
56,Personal financial advisors,327459,9846,231444.0,8128,96015.0,5586,29.321228,1.5,91150,1655,101634,671,69479,3771,68.36196548,3.7
57,Insurance underwriters,98194,5002,36949.0,3007,61245.0,3940,62.37142799,2.5,61197,1135,73389,7779,56465,2151,76.93932333,8.7
58,Financial examiners,14812,1953,7827.0,1286,6985.0,1320,47.15770996,6.4,79594,5959,85285,7644,70328,13446,82.46233218,17.4
59,Credit counselors and loan officers,292543,8986,132203.0,5552,160340.0,7578,54.80903662,2.0,59219,2493,76686,1909,50325,967,65.6247555,2.1
60,"Tax examiners and collectors, and revenue agents",42395,3249,15901.0,2073,26494.0,2571,62.49321854,3.7,51797,1530,61586,8308,50296,2578,81.66791154,11.8
61,Tax preparers,55325,4097,23690.0,2521,31635.0,3014,57.18029824,3.4,55336,5668,70019,7630,48033,5006,68.59995144,10.3
62,"Financial specialists, all other",47467,3908,22881.0,2944,24586.0,2961,51.79598458,4.6,61271,3251,85274,14545,50828,1410,59.60550695,10.3
63,"Computer, Engineering, and Science Occupations",7336002,43466,5591448.0,36470,1744554.0,19131,23.78071871,0.2,80279,200,82347,225,70044,522,85.1,0.7
64,Computer and Mathematical Occupations,3884352,31439,2925768.0,25626,958584.0,14793,24.67809303,0.3,81760,262,85427,389,72472,668,84.8,0.8
66,Computer systems analysts,448325,10327,267043.0,7574,181282.0,6780,40.43539843,1.2,80219,746,85192,1333,72409,1206,84.99506996,1.9
67,Information security analysts,74659,4899,60291.0,4531,14368.0,1866,19.24483317,2.2,91119,1551,93450,4083,85895,3003,91.91546281,5.1
68,Computer programmers,370512,8545,293334.0,7989,77178.0,4584,20.83009457,1.1,85795,984,87064,1230,80528,1894,92.4928788,2.5
69,"Software developers, applications and systems software",1124661,17640,918865.0,15065,205796.0,6981,18.29849172,0.6,100760,271,101969,303,88759,2138,87.04508233,2.1
70,Web developers,138048,6567,92611.0,5629,45437.0,3506,32.913914,2.0,63173,2765,67356,2918,56860,3695,84.41712691,6.6
71,Computer support specialists,553718,12831,418848.0,11133,134870.0,5399,24.35716375,0.8,58027,1361,60363,519,52699,1615,87.30348061,2.8
72,Database administrators,99602,4790,62319.0,3801,37283.0,2982,37.43197928,2.4,81082,1480,90749,1601,60838,3557,67.03985719,4.1
73,Network and computer systems administrators,192293,8319,157000.0,6976,35293.0,3051,18.35376223,1.4,73483,1528,74896,1317,69127,3204,92.29731895,4.6
74,Computer network architects,92872,5520,86504.0,5092,6368.0,1191,6.856749074,1.2,98374,3658,98123,3786,100471,7586,102.392915,8.7
75,"Computer occupations, all other",569272,12347,445016.0,10826,124256.0,5734,21.82717576,0.9,70492,568,71112,579,66521,1650,93.54398695,2.4
76,Actuaries,25197,2362,17769.0,2222,7428.0,1184,29.47969996,3.8,108576,14551,125465,16694,92500,20780,73.72574025,19.2
78,Operations research analysts,126989,6477,63903.0,4533,63086.0,4077,49.67831859,2.0,81092,1232,85955,3173,76005,2335,88.42417544,4.2
79,Statisticians,47469,3479,26411.0,2658,21058.0,1875,44.36158335,2.2,81345,1780,82414,5556,80027,4783,97.10364744,8.7
81,Architecture and Engineering Occupations,2437331,27689,2095090.0,25128,342241.0,8204,14.04162996,0.3,81125,294,82192,323,71072,864,86.5,1.1
82,"Architects, except naval",157568,6129,119954.0,5111,37614.0,3103,23.87159829,1.7,76154,1239,81075,1188,61765,2415,76.18254702,3.2
84,Aerospace engineers,114956,5336,102611.0,4675,12345.0,1796,10.7388914,1.5,102350,1710,104133,3268,91982,7191,88.33126867,7.4
87,Chemical engineers,57812,4519,46688.0,3930,11124.0,1608,19.24167993,2.3,100425,2172,101626,1712,84137,4255,82.79082125,4.4
88,Civil engineers,311007,9892,271698.0,8963,39309.0,2913,12.63926535,0.8,86606,1312,89218,2506,75052,2312,84.12203815,3.5
90,Electrical and electronics engineers,186214,7532,171539.0,7365,14675.0,2080,7.880717884,1.1,96538,2002,98702,2527,81370,3031,82.44007214,3.7
91,Environmental engineers,27552,3135,19945.0,2517,7607.0,1459,27.60961092,4.3,80421,2937,81736,5839,75468,7563,92.33140844,11.4
92,"Industrial engineers, including health and safety",183615,7332,145311.0,6717,38304.0,2861,20.86104076,1.3,79761,1588,80491,900,75753,3357,94.11362761,4.3
95,Mechanical engineers,245579,8235,228477.0,8105,17102.0,1789,6.963950501,0.7,84486,2045,84537,2133,84034,4115,99.40499426,5.5
99,"Engineers, all other",471817,11936,411849.0,11066,59968.0,3846,12.71001257,0.7,93058,1491,95214,1426,85464,2782,89.75990926,3.2
100,Drafters,132332,6076,110629.0,4998,21703.0,2259,16.40041713,1.5,52899,1627,54290,1837,50363,2315,92.76662369,5.3
101,"Engineering technicians, except drafters",319240,9931,262975.0,8372,56265.0,4238,17.62467109,1.2,55953,941,58274,2387,48448,2980,83.13827779,6.1
103,"Life, Physical, and Social Science Occupations",1014319,14887,570590.0,12095,443729.0,10670,43.74649395,0.8,65257,664,70191,1097,60646,505,86.4,1.5
104,Agricultural and food scientists,21091,2172,13559.0,1624,7532.0,1378,35.71191503,5.4,70220,6919,71570,5303,64842,8448,90.59941316,13.6
105,Biological scientists,65111,3923,35893.0,2892,29218.0,2288,44.87413801,2.2,61171,2112,65122,4152,56853,3383,87.30229416,7.6
107,Medical scientists,116550,5853,54653.0,3917,61897.0,3557,53.10767911,1.5,74534,3407,80827,4765,71175,1397,88.05844582,5.5
111,Chemists and materials scientists,77023,3754,49013.0,3267,28010.0,2854,36.36576088,3.3,70594,1955,75433,5342,63426,3315,84.08256333,7.4
112,Environmental scientists and geoscientists,63449,3530,42834.0,2849,20615.0,2462,32.49066179,3.4,72831,3408,79279,3639,60315,3285,76.07941573,5.4
113,"Physical scientists, all other",192236,6269,115118.0,5130,77118.0,4163,40.11631536,1.7,77439,2638,87134,4267,65913,2051,75.64555742,4.4
114,Economists,21747,2373,15164.0,1895,6583.0,1155,30.27084196,4.2,109562,8262,111514,9490,103723,9634,93.01343329,11.7
116,Psychologists,121887,4749,37701.0,2647,84186.0,4290,69.06889168,2.3,72789,2655,90586,3924,69134,2387,76.31863643,4.2
117,Urban and regional planners,21747,1979,12910.0,1733,8837.0,1262,40.63548995,4.5,70647,4263,74634,4955,65309,3397,87.50569446,7.4
118,"Miscellaneous social scientists and related workers, including sociologists",24486,2821,12996.0,1819,11490.0,1643,46.92477334,4.0,61924,4687,67455,8319,57068,7438,84.60158624,15.2
119,Agricultural and food science technicians,27668,2549,16564.0,2074,11104.0,1523,40.13300564,4.1,45039,3152,48340,2312,40927,2362,84.66487381,6.3
120,Biological technicians,16216,2009,8401.0,1437,7815.0,1652,48.19314258,8.3,49041,4092,50495,3626,44796,9207,88.71373403,19.3
121,Chemical technicians,56741,3837,40491.0,3477,16250.0,1818,28.63890309,2.6,52188,2226,54898,3467,48580,2509,88.49138402,7.2
125,"Miscellaneous life, physical, and social science technicians",127222,6153,69211.0,4392,58011.0,3912,45.59824559,2.1,42673,1664,45323,2140,41614,974,91.816517,4.8
126,"Education, Legal, Community Service, Arts, and Media Occupations",10566994,56398,3984993.0,29074,6582001.0,45549,62.28830072,0.2,50890,94,59998,551,47103,161,78.5,0.8
127,Community and Social Service Occupations,1965931,21495,706430.0,12658,1259501.0,17781,64.06638889999999,0.5,44265,463,45984,436,42947,581,93.4,1.6
128,Counselors,536072,11247,148955.0,5823,387117.0,9582,72.21362056,0.9,45356,422,46279,878,45007,815,97.25145314,2.6
129,Social workers,704192,14698,133995.0,5945,570197.0,12503,80.97180882,0.5,44669,761,44973,1601,44603,846,99.17728415,4
130,Probation officers and correctional treatment specialists,81680,4787,37849.0,3379,43831.0,3151,53.66185113,2.2,48545,1943,48620,2398,48480,2568,99.71205265,7.2
131,Social and human service assistants,146414,6565,32813.0,3199,113601.0,5281,77.58889177,1.0,37732,1286,39459,3550,37450,1151,94.90863935,9
132,"Miscellaneous community and social service specialists, including health educators and community health workers",63963,4318,21744.0,3082,42219.0,3598,66.00534684,3.4,45512,1827,49319,2459,42490,2292,86.15340944,6.3
133,Clergy,347581,9767,291732.0,8519,55849.0,4373,16.06790935,1.2,45502,681,46282,654,41571,748,89.82109675,2.1
134,"Directors, religious activities and education",45090,3307,20243.0,1984,24847.0,2690,55.10534487,4.4,44160,2970,51925,3345,40845,1337,78.66153105,5.7
135,"Religious workers, all other",40939,3364,19099.0,2123,21840.0,2701,53.347663600000004,4.9,35551,1240,37461,4825,32408,2616,86.51130509,13.2
136,Legal Occupations,1405105,17478,682419.0,13447,722686.0,15437,51.43288224,0.8,86747,847,121654,840,65014,1253,53.4,1.1
137,Lawyers,891088,13157,568630.0,11142,322458.0,9124,36.18699837,0.9,122073,869,136043,2903,102484,2963,75.33206413,2.7
139,"Judges, magistrates, and other judicial workers",58544,3864,32986.0,2867,25558.0,2481,43.65605357,3.1,102861,5666,125071,6191,80807,7503,64.60890214,6.8
140,Paralegals and legal assistants,318793,9423,43287.0,3441,275506.0,9355,86.42159646,1.4,47223,603,49198,3005,47073,670,95.68071873,6
141,Miscellaneous legal support workers,126357,6194,34026.0,3078,92331.0,4843,73.07153541,1.4,50997,1016,66459,4315,46470,1808,69.92280955,5.3
142,"Education, Training, and Library Occupations",5348821,41230,1547041.0,18120,3801780.0,33187,71.07697192,0.3,49619,286,56876,366,46403,196,81.6,0.6
143,Postsecondary teachers,881345,15178,470888.0,9151,410457.0,9369,46.57166036,0.7,67145,577,74485,1504,61169,655,82.12257502,1.9
144,Preschool and kindergarten teachers,339677,10660,6755.0,1387,332922.0,10471,98.01134607,0.2,25124,474,29102,3628,25021,539,85.9769088,10.9
145,Elementary and middle school teachers,2398445,25488,530970.0,10614,1867475.0,21527,77.86190636,0.3,50659,151,53096,752,50021,270,94.20860328,1.4
146,Secondary school teachers,536264,12956,231158.0,7732,305106.0,9835,56.89473841,1.2,52671,630,55800,648,51608,379,92.4874552,1.3
147,Special education teachers,178054,7300,25632.0,2951,152422.0,6361,85.60436721,0.7,48840,1134,49953,2461,48703,1224,97.49764779,5.4
148,Other teachers and instructors,356475,10531,167249.0,6329,189226.0,8077,53.08254436,1.6,45426,1042,51439,719,40544,715,78.8195727,1.8
149,"Archivists, curators, and museum technicians",36260,3070,13889.0,1789,22371.0,2201,61.69608384,3.1,48374,2750,52835,3566,45296,2206,85.73104949,7.1
150,Librarians,115076,5467,23238.0,2424,91838.0,4700,79.80638882,1.5,51429,598,57961,2491,50671,669,87.42257725,3.9
152,Teacher assistants,421376,11269,53389.0,3811,367987.0,10518,87.32984318,0.9,22682,463,31063,1022,22095,231,71.12963976,2.5
153,"Other education, training, and library workers",74463,4723,21638.0,2410,52825.0,3740,70.94127285,2.2,52790,2250,59582,4496,51638,1087,86.66711423,6.8
154,"Arts, Design, Entertainment, Sports, and Media Occupations",1847137,21849,1049103.0,17240,798034.0,12878,43.20383382,0.6,51760,270,55625,706,48440,1001,87.1,2
155,Artists and related workers,121771,5718,76519.0,4653,45252.0,3047,37.16155735,1.8,45124,2768,51669,2174,36922,1763,71.45870832,4.5
156,Designers,628865,12822,328481.0,9434,300384.0,8369,47.76605472,0.9,51768,407,60035,1835,46516,588,77.48146914,2.6
158,Producers and directors,121999,5168,77794.0,4115,44205.0,3366,36.23390356,2.3,68571,4096,71577,3046,62435,6490,87.22774075,9.8
159,"Athletes, coaches, umpires, and related workers",123505,7020,91380.0,5969,32125.0,3058,26.01109267,2.0,46393,1347,49152,2727,41270,1316,83.96402995,5.4
161,"Musicians, singers, and related workers",66779,5541,51875.0,4947,14904.0,2241,22.31839351,2.8,41300,1360,41521,1539,40399,4438,97.29775294,11.3
164,"News analysts, reporters and correspondents",57202,3970,31972.0,3195,25230.0,2528,44.10684941,3.2,55372,3184,58457,4486,50435,5336,86.27709256,11.3
165,Public relations specialists,103540,5342,35880.0,2962,67660.0,4203,65.3467259,2.3,65386,2406,77116,6587,61547,1344,79.81093418,7
166,Editors,125387,4876,64120.0,3826,61267.0,3063,48.86232225,1.5,55140,1805,57665,3423,52078,1289,90.31128067,5.8
167,Technical writers,47360,3278,19792.0,1886,27568.0,2611,58.20945946,3.8,71388,1468,73800,3520,70139,4532,95.03929539,7.6
168,Writers and authors,132235,5470,57364.0,3562,74871.0,4399,56.6196544,2.4,55464,2369,58065,5113,52347,2432,90.1524154,9
169,Miscellaneous media and communication workers,54009,4337,20909.0,2402,33100.0,3388,61.28608195,3.9,42255,2371,47608,5993,41197,1272,86.53377584,11.2
171,Photographers,90481,4517,54402.0,4040,36079.0,2845,39.87466982,2.4,36504,1504,41275,1639,31254,912,75.72138098,3.7
173,Healthcare Practitioners and Technical Occupations,6558946,38818,1806655.0,20927,4752291.0,32719,72.45510178,0.3,61813,160,81023,519,58404,666,72.1,1
174,Chiropractors,40960,3491,31857.0,2840,9103.0,1621,22.22412109,3.5,80466,8118,86586,9958,57522,9060,66.4333726,13
175,Dentists,93294,4897,65998.0,3793,27296.0,2830,29.25804446,2.6,150132,6339,158810,10183,115473,9992,72.71141616,7.8
176,Dietitians and nutritionists,70729,4506,8095.0,1433,62634.0,4401,88.55490676,2.6,49841,2244,47439,7262,49886,2025,105.1582032,16.7
177,Optometrists,27134,2279,18087.0,1631,9047.0,1665,33.34193263,5.5,117397,9354,125489,7937,101000,2746,80.48514212,5.5
178,Pharmacists,214665,7539,97539.0,4720,117126.0,5390,54.56222486,1.6,120878,299,122351,872,118461,2237,96.82062263,2
179,Physicians and surgeons,743383,14306,489748.0,10607,253635.0,8016,34.11902075,0.9,201542,404,231420,9801,166388,7188,71.8987123,4.3
180,Physician assistants,76018,3988,27869.0,2620,48149.0,3278,63.33894604,2.7,101940,750,111673,4307,100434,1017,89.93579469,3.6
183,Occupational therapists,72099,4625,9813.0,1783,62286.0,4327,86.38954771,2.3,70679,783,80834,4944,70044,1846,86.65165648,5.8
184,Physical therapists,162536,6232,60163.0,3575,102373.0,5293,62.98481567,2.2,77605,1619,85149,1757,74555,1735,87.55828019,2.7
187,Respiratory therapists,92125,5057,37338.0,3501,54787.0,3730,59.47028494,2.4,56532,767,61280,994,52583,2206,85.80776762,3.9
189,"Miscellaneous therapists, including exercise physiologists",107797,5846,25250.0,2427,82547.0,5184,76.57634257,2.4,50208,936,52202,3702,48955,1957,93.7799318,7.6
190,Veterinarians,65797,4075,26912.0,2345,38885.0,2885,59.09843914,2.4,90063,4412,103622,10242,82228,2875,79.35380518,8.3
191,Registered nurses,2317493,25722,281048.0,9314,2036445.0,24103,87.87275733,0.4,65331,313,70952,649,64413,688,90.78391025,1.3
192,Nurse anesthetists,26253,2920,10941.0,1634,15312.0,2394,58.32476288,6.4,160522,3215,176957,7954,151667,3345,85.70839243,4.3
194,Nurse practitioners,116166,4929,14128.0,1745,102038.0,4583,87.83809376,1.3,100639,628,111130,1922,100030,1696,90.01169801,2.2
196,Clinical laboratory technologists and technicians,245278,7624,68887.0,3771,176391.0,7526,71.91472533,2.1,48170,1677,51112,972,46984,1158,91.92361872,2.9
198,Diagnostic related technologists and technicians,263276,8107,88369.0,4467,174907.0,6965,66.43484404,1.7,58828,1751,64560,2424,55958,979,86.67596035,3.6
199,Emergency medical technicians and paramedics,167315,6255,114281.0,5372,53034.0,4102,31.69709829,2.1,42373,1171,46301,1288,39941,2283,86.2637956,5.5
200,Health practitioner support technologists and technicians,440607,12597,98824.0,5330,341783.0,10950,77.57094191,1.1,32466,404,36093,651,32093,256,88.91751863,1.8
201,Licensed practical and licensed vocational nurses,602316,14447,77484.0,5313,524832.0,13462,87.13565637,0.8,38946,668,40939,798,38523,660,94.09853685,2.4
202,Medical records and health information technicians,148302,6150,14938.0,2142,133364.0,5623,89.92731049,0.7,38273,1160,37208,2480,38404,1178,103.2143625,7.6
203,"Opticians, dispensing",48366,4275,14044.0,2004,34322.0,3356,70.96307323,3.0,37389,1928,50622,2755,35058,2533,69.25447434,6.3
204,Miscellaneous health technologists and technicians,97277,3972,36999.0,2908,60278.0,3575,61.96531554,2.7,41207,923,51118,1226,36438,1376,71.28213154,3.2
205,Other healthcare practitioners and technical occupations,105941,5752,59387.0,4599,46554.0,3366,43.94332695,2.1,57179,3508,61968,2311,52594,3149,84.87283759,6
206,Service Occupations,14746379,72472,7397390.0,48352,7348989.0,58676,49.83588853,0.3,27376,71,31738,86,24575,132,77.4,0.4
207,Healthcare Support Occupations,2205309,26876,320622.0,11300,1884687.0,25489,85.46135712,0.5,28085,279,31269,432,27470,186,87.9,1.3
208,"Nursing, psychiatric, and home health aides",1256050,23554,174528.0,8216,1081522.0,21136,86.10501174,0.5,26056,167,29503,1129,25706,191,87.13012236,3.4
210,Physical therapist assistants and aides,59281,3736,19380.0,2038,39901.0,3132,67.30824379,3.1,45826,1517,48915,1688,42677,3153,87.24726566,7.1
211,Massage therapists,67798,4691,16699.0,2412,51099.0,4157,75.36947993,3.2,30766,916,30833,2179,30739,1023,99.69513184,7.8
212,Dental assistants,167955,7292,13096.0,2441,154859.0,6490,92.20267334,5.6,31226,374,32231,3812,31161,380,96.6802147,11.5
213,Medical assistants,382920,10398,35341.0,3671,347579.0,10675,90.77065706,1.3,30549,193,32083,953,30418,218,94.81033569,2.9
216,Veterinary assistants and laboratory animal caretakers,28193,2599,6400.0,1210,21793.0,2268,77.29932962,3.7,26441,841,35501,2821,25095,1259,70.68814963,6.6
217,Phlebotomists,82446,4653,12560.0,1873,69886.0,4063,84.76578609,1.2,31121,420,30925,992,31160,470,100.759903,3.6
218,"Healthcare support workers, all other, including medical equipment preparers",104670,4642,33760.0,3070,70910.0,3885,67.74625012,2.2,30124,1161,31812,1453,28592,2014,89.87803345,7.5
219,Protective Service Occupations,2516945,25595,2036431.0,20289,480514.0,13380,19.09116012,0.4,50773,260,52217,293,41504,405,79.5,0.9
220,First-line supervisors of correctional officers,55565,3378,39893.0,2771,15672.0,1986,28.20480518,3.1,51570,1242,53611,4873,48621,4657,90.69220869,12
221,First-line supervisors of police and detectives,100335,5257,84933.0,4440,15402.0,1920,15.35057557,1.7,79259,3395,81092,2170,70191,4314,86.55724362,5.8
223,"First-line supervisors of protective service workers, all other",66575,3855,49742.0,3464,16833.0,1739,25.28426587,2.2,49305,3598,46609,1794,54717,4911,117.3957819,11.5
224,Firefighters,265198,8647,253361.0,8116,11837.0,1803,4.463457492,0.7,67598,1728,68680,2055,51926,9319,75.60570763,13.8
226,"Bailiffs, correctional officers, and jailers",375720,10079,277833.0,8643,97887.0,5747,26.053177899999998,1.4,44807,1150,47005,820,39834,1260,84.74417615,3.1
227,Detectives and criminal investigators,112869,5698,85853.0,4735,27016.0,3015,23.93571308,2.4,76604,3235,81253,1510,61821,3486,76.08457534,4.5
230,Police and sheriff patrol officers,669550,14213,582716.0,13245,86834.0,4819,12.96900904,0.7,62852,1528,64792,1672,57402,3208,88.5942709,5.5
233,Private detectives and investigators,70181,3790,38879.0,2727,31302.0,2925,44.60181531,3.4,56272,1630,61192,1870,49673,3614,81.17564388,6.4
234,Security guards and gaming surveillance officers,647922,14229,505565.0,12126,142357.0,6945,21.97131754,1.0,30422,322,30724,345,28889,955,94.02747038,3.3
236,Transportation security screeners,33438,3514,22782.0,3248,10656.0,1726,31.86793469,3.9,41793,803,43027,2317,40534,1061,94.2059637,5.6
237,"Lifeguards and other recreational, and all other protective service workers",24348,3144,15453.0,2270,8895.0,1623,36.53277477,4.7,30979,1574,36282,1747,21087,2132,58.11972879,6.5
238,Food Preparation and Serving Related Occupations,3769365,39518,2027036.0,29430,1742329.0,25935,46.22340898,0.5,22544,154,24935,255,21224,109,85.1,1
239,Chefs and head cooks,346683,11133,276631.0,10276,70052.0,5274,20.20635566,1.4,31461,457,32240,698,27651,1450,85.76612903,4.9
240,First-line supervisors of food preparation and serving workers,409285,11225,190025.0,7218,219260.0,8876,53.57147220000001,1.6,25713,395,29657,1166,22979,686,77.48255049,3.8
241,Cooks,1201892,20974,775087.0,17718,426805.0,12056,35.51109417,0.8,21756,135,22575,343,20320,243,90.0110742,1.7
242,Food preparation workers,347692,10501,155856.0,7565,191836.0,8094,55.17411962,1.6,20506,258,21359,465,19894,379,93.14106466,2.7
243,Bartenders,226847,9821,115120.0,6907,111727.0,5706,49.25213911,1.3,29375,1227,31277,519,26017,855,83.18253029,3.1
244,"Combined food preparation and serving workers, including fast food",141425,6873,52096.0,3818,89329.0,5386,63.16351423,2.3,20518,412,20728,568,20369,551,98.26804323,3.8
245,"Counter attendants, cafeteria, food concession, and coffee shop",32438,3087,12016.0,2033,20422.0,2340,62.95702571,4.0,19179,1781,21885,2914,17398,1270,79.49737263,12.1
246,Waiters and waitresses,734635,17538,263439.0,11928,471196.0,13175,64.14015123,0.9,22252,183,25855,574,21182,225,81.92612647,2
247,"Food servers, nonrestaurant",76030,4676,28696.0,2941,47334.0,3594,62.25700381,2.8,24489,927,27481,2074,23021,1230,83.77060515,7.7
248,Dining room and cafeteria attendants and bartender helpers,91150,5894,56105.0,4747,35045.0,3360,38.44761382,2.7,21276,707,22449,1087,18832,1334,83.88792374,7.2
249,Dishwashers,110513,6642,91810.0,6196,18703.0,2257,16.92380082,1.8,19808,569,19848,577,19550,1524,98.49858928,8.2
252,Building and Grounds Cleaning and Maintenance Occupations,3516387,30637,2331552.0,24031,1184835.0,19849,33.69467013,0.4,26420,132,30043,169,21933,137,73,0.6
253,First-line supervisors of housekeeping and janitorial workers,173482,8328,117566.0,6265,55916.0,4124,32.23158599,1.8,36399,640,41024,938,28875,1843,70.38562793,4.8
254,"First-line supervisors of landscaping, lawn service, and groundskeeping workers",128673,6240,121311.0,6046,7362.0,1462,5.7214800310000005,1.1,40635,776,40774,816,36184,6310,88.74282631,15.6
255,Janitors and building cleaners,1553626,20355,1136790.0,15492,416836.0,11207,26.82988055,0.6,27742,379,30654,173,22962,403,74.90702682,1.4
256,Maids and housekeeping cleaners,790133,16216,128212.0,6019,661921.0,14563,83.77336474,0.7,21476,162,25788,600,21000,173,81.43322476,2
258,Grounds maintenance workers,802064,19589,762329.0,19247,39735.0,4338,4.954093438999999,0.5,25708,332,25838,341,22944,1156,88.79944268,4.6
259,Personal Care and Service Occupations,2738373,33069,681749.0,14773,2056624.0,27864,75.10386642,0.5,25119,169,30831,286,23318,267,75.6,1.2
260,First-line supervisors of gaming workers,18772,2856,11389.0,2086,7383.0,1488,39.32985297,5.2,45671,4932,50429,3675,41069,1363,81.43925122,6.5
261,First-line supervisors of personal service workers,74093,5250,25605.0,2922,48488.0,4452,65.44207955,3.8,32240,1318,41425,1895,30569,1243,73.7936029,4.5
262,Animal trainers,29055,2884,14018.0,1780,15037.0,2040,51.75357081,4.8,29978,3177,34134,6851,26578,2723,77.8637136,17.5
263,Nonfarm animal caretakers,120981,6381,34640.0,3041,86341.0,5323,71.36740479999999,2.3,25210,736,30133,2218,23724,867,78.73095941,6.5
264,Gaming services workers,61881,4127,34548.0,2893,27333.0,2792,44.17026228,3.4,39726,2059,41137,886,36013,2259,87.54406009,5.8
267,Miscellaneous entertainment attendants and related workers,57391,4380,31464.0,3073,25927.0,3224,45.1760729,4.4,25263,1598,27418,3694,21946,1303,80.04230797,11.8
269,"Morticians, undertakers, and funeral directors",30549,3160,22471.0,2678,8078.0,1421,26.44276408,3.8,51310,1350,52119,1819,42161,6748,80.89372398,13.3
270,Barbers,68864,4320,56579.0,4177,12285.0,1505,17.83950976,1.9,25416,1624,26320,1303,21195,1092,80.5281155,5.8
271,"Hairdressers, hairstylists, and cosmetologists",447533,13351,52211.0,4610,395322.0,11817,88.33359775,0.2,26146,461,31601,1367,25636,483,81.12401506,3.8
272,Miscellaneous personal appearance workers,206248,10351,34993.0,3665,171255.0,8320,83.03353245,5.8,23474,762,26356,1554,22777,717,86.4205494,5.8
273,"Baggage porters, bellhops, and concierges",60412,5290,47690.0,4124,12722.0,2352,21.05873005,3.4,31604,1456,33549,2905,27122,2445,80.84294614,10.1
275,Childcare workers,551286,11477,34354.0,3637,516932.0,10752,93.76838882,2.8,21395,227,25324,1339,21212,238,83.76243879,4.5
276,Personal care aides,692735,15178,132541.0,6146,560194.0,13917,80.86699820000001,0.9,22578,326,25856,612,22159,212,85.70157797,2.2
277,Recreation and fitness workers,184743,7036,79514.0,4567,105229.0,5054,56.9596683,1.7,31582,460,35050,2288,30284,843,86.40228245,6.1
278,Residential advisors,26803,2444,10295.0,1537,16508.0,2055,61.59012051,5.2,28627,2160,30144,2793,27901,2225,92.55904989,11.3
279,"Personal care and service workers, all other",73763,5116,37331.0,3949,36432.0,3095,49.39061589,2.4,26185,907,27148,2198,24883,1467,91.65684397,9.2
280,Sales and Office Occupations,23561354,87560,9860678.0,49209,13700676.0,62158,58.14893321,0.1,38602,167,46408,218,35368,77,76.2,0.4
281,Sales and Related Occupations,10085935,54062,5907517.0,35992,4178418.0,34189,41.42816705,0.2,43647,616,51791,163,34226,557,66.1,1.1
282,First-line supervisors of retail sales workers,2677578,30232,1537529.0,20716,1140049.0,18113,42.57762052,0.5,40573,185,46343,345,33778,691,72.88695164,1.6
283,First-line supervisors of non-retail sales workers,1074798,17110,748785.0,13701,326013.0,9407,30.33249038,0.7,65016,1410,67434,1668,58166,2567,86.25619124,4.4
284,Cashiers,1019364,18045,293166.0,11222,726198.0,15660,71.24030278,0.9,21000,167,22413,377,20482,186,91.38446437,1.7
285,Counter and rental clerks,52412,4216,30604.0,3322,21808.0,2336,41.60879188,2.9,31285,1773,35907,1718,25780,2272,71.79658562,7.2
286,Parts salespersons,92199,5408,83465.0,5127,8734.0,1411,9.472987776,1.4,35832,866,36526,870,30509,1722,83.52680283,5.1
287,Retail salespersons,1716984,26055,1047929.0,18141,669055.0,16002,38.96687447,0.7,32480,663,40116,555,26781,295,66.75889919,1.2
288,Advertising sales agents,148263,6800,72790.0,4645,75473.0,4635,50.90481105,2.1,61018,1116,66149,2118,56104,1525,84.81458525,3.6
289,Insurance sales agents,442385,10867,232516.0,8108,209869.0,7045,47.44035173,1.1,51364,521,62412,3261,42316,784,67.8010639,3.8
290,"Securities, commodities, and financial services sales agents",199539,7721,142840.0,6625,56699.0,3980,28.41499657,1.7,91885,4856,115432,8793,58726,4604,50.87497401,5.6
291,Travel agents,49901,3444,11210.0,1874,38691.0,3025,77.53552033,2.8,41744,1246,46173,2930,40707,1516,88.16191281,6.5
292,"Sales representatives, services, all other",534512,12492,368392.0,10463,166120.0,7260,31.07881582,1.1,66475,1150,71706,843,56236,2052,78.42579422,3
293,"Sales representatives, wholesale and manufacturing",1182664,16912,878257.0,14619,304407.0,8620,25.73909411,0.6,65716,626,70464,671,54077,1791,76.74415304,2.6
295,Real estate brokers and sales agents,576380,14584,278623.0,10346,297757.0,9798,51.65984247,1.1,57486,3909,69512,4775,50662,714,72.88238002,5.1
297,Telemarketers,41866,4170,16569.0,2382,25297.0,3090,60.42373286,4.3,25732,1830,27152,4227,25125,4009,92.53461992,20.6
298,"Door-to-door sales workers, news and street vendors, and related workers",49513,4452,25691.0,2913,23822.0,2990,48.11261689,4.2,30475,1720,35417,2893,25753,1840,72.71366858,7.9
299,"Sales and related workers, all other",178931,6042,101250.0,4822,77681.0,4457,43.41394169,2.0,54472,2672,61262,1484,48884,2965,79.79497894,5.2
300,Office and Administrative Support Occupations,13475419,68708,3953161.0,33885,9522258.0,56316,70.66391034,0.2,36290,66,40053,193,35548,75,88.8,0.5
301,First-line supervisors of office and administrative support workers,1187429,17191,479925.0,12025,707504.0,13039,59.58284664,0.7,50070,469,56346,741,45996,490,81.63134916,1.4
305,Bill and account collectors,123438,5954,35970.0,3260,87468.0,4800,70.85986487,1.9,35448,599,38514,2268,34145,1298,88.65607312,6.2
306,Billing and posting clerks,396298,11248,45845.0,3648,350453.0,10798,88.43168525,1.1,35026,487,39843,2979,34424,664,86.39911653,6.7
307,"Bookkeeping, accounting, and auditing clerks",829531,14643,105920.0,5119,723611.0,13456,87.23133915,0.5,39329,477,42013,599,38665,524,92.03103801,1.8
309,Payroll and timekeeping clerks,131052,5589,16608.0,2741,114444.0,5423,87.32716784,1.8,41313,502,49112,3957,40922,495,83.32383124,6.8
310,Procurement clerks,29591,2566,13472.0,1654,16119.0,1818,54.47264371,3.9,56309,2196,60750,3222,51406,2259,84.61893004,5.8
311,Tellers,211343,9318,28579.0,3363,182764.0,7984,86.47743242,5.4,26405,220,26674,690,26361,233,98.82657269,2.7
312,"Financial clerks, all other",102650,5839,47844.0,3638,54806.0,3822,53.39113492,2.2,55627,3536,80037,6646,45021,4207,56.25023427,7
315,"Court, municipal, and license clerks",62021,3789,12876.0,1674,49145.0,3260,79.23928992,2.0,38317,1168,45566,4639,37355,1007,81.97998508,8.6
316,"Credit authorizers, checkers, and clerks",30897,2938,8454.0,1146,22443.0,2602,72.63812021,4.8,41698,1081,51812,8278,40120,2433,77.43379912,13.2
317,Customer service representatives,1782634,26063,624476.0,13526,1158158.0,21204,64.96891678,0.7,33442,455,36744,478,32095,158,87.34759417,1.2
318,"Eligibility interviewers, government programs",73673,4519,14480.0,1935,59193.0,4160,80.34558115,2.8,41945,939,49343,3207,41024,925,83.14046572,5.7
319,File clerks,137412,6476,30743.0,2726,106669.0,6009,77.62713591,2.4,34159,1406,36584,1778,33224,1372,90.81565712,5.8
320,"Hotel, motel, and resort desk clerks",85672,5117,28143.0,2729,57529.0,4478,67.15029415,3.4,22230,496,24328,2050,21575,623,88.68382111,7.9
321,"Interviewers, except eligibility and loan",85914,5143,14408.0,2030,71506.0,4712,83.22974137,2.3,31905,375,40750,1648,31371,404,76.98404908,3.3
323,Loan interviewers and clerks,111389,5630,21075.0,1945,90314.0,4746,81.07981937,1.2,41419,502,45018,5889,41065,584,91.21906793,12
325,Order clerks,97111,5797,46722.0,3965,50389.0,3686,51.88804564,2.2,32234,796,35154,2423,31110,966,88.49633043,6.7
326,"Human resources assistants, except payroll and timekeeping",41036,3304,6446.0,1195,34590.0,3071,84.29184131,3.2,39336,1509,42269,8673,38544,1470,91.18739502,19
327,Receptionists and information clerks,654662,14500,62554.0,4864,592108.0,13053,90.44484024,2.8,28555,321,29582,1308,28444,335,96.15306605,4.4
328,Reservation and transportation ticket agents and travel clerks,95666,5081,40719.0,3831,54947.0,3553,57.43628875,2.1,38473,3241,41701,2803,36670,1094,87.93554111,6.5
329,"Information and record clerks, all other",78023,4859,18649.0,2081,59374.0,4152,76.09807364,2.4,37235,1153,41564,1695,36385,1001,87.53969782,4.3
331,Couriers and messengers,141348,6760,118900.0,6054,22448.0,2515,15.881370800000001,1.6,37585,1528,39751,1960,31910,2956,80.27471007,8.4
332,Dispatchers,246262,7983,114123.0,5360,132139.0,5654,53.65789281,1.5,38780,964,41998,578,35987,595,85.68741369,1.8
334,Postal service clerks,97883,4702,48811.0,3640,49072.0,3531,50.13332244,2.7,55378,488,56060,775,53272,3469,95.02675705,6.3
335,Postal service mail carriers,281178,8397,179493.0,7706,101685.0,4738,36.16392463,1.3,56755,599,58358,709,53337,1337,91.3962096,2.5
336,"Postal service mail sorters, processors, and processing machine operators",50704,3210,25280.0,2485,25424.0,2590,50.14200063,4.0,54397,1856,56107,1005,51252,1247,91.34689076,2.8
337,"Production, planning, and expediting clerks",283387,7643,121074.0,5618,162313.0,6561,57.27609241,1.7,48582,1812,61813,1069,40678,600,65.80816333,1.5
338,"Shipping, receiving, and traffic clerks",475270,9610,338248.0,8405,137022.0,5401,28.83034906,1.0,31175,206,31887,276,28869,708,90.53532788,2.4
339,Stock clerks and order fillers,905020,18517,602176.0,17103,302844.0,9454,33.46268591,0.8,27212,202,27445,371,26749,342,97.46401895,1.8
340,"Weighers, measurers, checkers, and samplers, recordkeeping",58258,4399,30597.0,3071,27661.0,3189,47.4801744,4.1,35545,1165,37906,2393,31956,1065,84.30327653,6
341,Secretaries and administrative assistants,2226591,23122,118739.0,5800,2107852.0,22900,94.66722896,0.3,37122,157,42411,1218,36929,161,87.07410813,2.5
342,Computer operators,75141,4306,41335.0,3655,33806.0,3016,44.99008531,3.1,42199,1001,51176,1874,38041,1841,74.33367203,4.5
343,Data entry keyers,218791,7635,51255.0,4033,167536.0,6764,76.57353365,1.6,32441,591,35201,1612,32168,353,91.38376751,4.3
344,Word processors and typists,198318,6956,31601.0,2639,166717.0,6647,84.06549078,1.6,34645,864,38353,2459,33909,964,88.41290121,6.2
346,Insurance claims and policy processing clerks,325075,8850,63360.0,4538,261715.0,8512,80.50911328,1.4,37301,368,40881,875,36812,346,90.04672097,2.1
347,"Mail clerks and mail machine operators, except postal service",53499,4148,27874.0,2800,25625.0,2900,47.89809155,3.9,29624,965,31777,784,26983,797,84.91361677,3.3
348,"Office clerks, general",841347,15284,145063.0,6314,696284.0,13669,82.75824363,0.6,34654,467,39885,1302,33492,536,83.97141783,3.1
349,"Office machine operators, except computer",26251,2550,9726.0,1367,16525.0,2133,62.94998286,5.4,30788,991,37057,3346,28449,2048,76.77092047,8.9
351,Statistical assistants,15243,1621,6858.0,1137,8385.0,1114,55.00885652,4.4,50405,3074,52172,4541,47920,4649,91.8500345,12
352,"Office and administrative support workers, all other",449803,11621,111506.0,5316,338297.0,9331,75.21003639,0.7,41080,320,46448,1057,40209,352,86.56777472,2.1
353,"Natural Resources, Construction, and Maintenance Occupations",10336235,49324,9943126.0,46691,393109.0,10215,3.8032126789999996,0.1,41407,93,41612,93,31194,435,75,1
354,"Farming, Fishing, and Forestry Occupations",644116,14971,533883.0,13598,110233.0,6028,17.11384285,0.9,26661,274,28231,665,21214,346,75.1,2.1
355,"First-line supervisors of farming, fishing, and forestry workers",50964,3782,44390.0,3701,6574.0,1270,12.89930147,2.3,41273,1250,42138,2113,31416,4887,74.55503346,12.2
356,Agricultural inspectors,12725,1763,7187.0,1326,5538.0,1250,43.52062868,7.8,49889,5228,47000,4484,52455,10180,111.606383,24.1
358,"Graders and sorters, agricultural products",32820,3063,11478.0,1478,21342.0,2657,65.0274223,5.4,21235,519,22957,2573,20791,597,90.56496929,10.5
359,Miscellaneous agricultural workers,470635,12811,398935.0,11560,71700.0,4926,15.23473605,1.0,25442,306,26404,327,20399,504,77.25723375,2.1
363,Construction and Extraction Occupations,5684325,43587,5535847.0,42889,148478.0,7256,2.612060359,0.1,40852,129,40926,130,35859,1080,87.6,2.6
364,First-line supervisors of construction trades and extraction workers,670638,13339,649980.0,12876,20658.0,2998,3.080350353,0.4,59536,1629,60145,638,45174,3456,75.10848782,5.8
367,Carpenters,863456,17830,846846.0,18001,16610.0,2335,1.9236648999999997,0.3,36344,384,36414,395,31637,3293,86.88141923,9.1
370,Construction laborers,1180144,17016,1150257.0,17167,29887.0,3441,2.532487561,0.3,32162,235,32214,234,30378,1649,94.30061464,5.2
372,"Operating engineers and other construction equipment operators, including pile-driver operators",269313,9056,262747.0,9038,6566.0,1443,2.4380553480000002,0.5,46503,706,46485,695,50129,14597,107.8390879,31.4
374,Electricians,647922,14171,635090.0,14081,12832.0,1904,1.980485305,0.3,51278,315,51289,305,50082,13038,97.64666888,25.4
377,"Painters, construction and maintenance",359202,11169,342580.0,10763,16622.0,2197,4.627479802,0.6,30778,285,30840,293,28608,3709,92.76264591,12.1
379,"Pipelayers, plumbers, pipefitters, and steamfitters",478329,12785,470850.0,12560,7479.0,1484,1.5635681719999999,0.3,47032,776,47046,779,45525,9634,96.76699401,20.5
386,Construction and building inspectors,74917,4627,66256.0,4308,8661.0,1568,11.56079395,2.0,56109,2063,57669,2388,50025,8874,86.745045,15.8
402,"Installation, Maintenance, and Repair Occupations",4007794,35086,3873396.0,34410,134398.0,6976,3.3534158689999995,0.2,45939,224,46092,220,40827,759,88.6,1.7
403,"First-line supervisors of mechanics, installers, and repairers",245683,8120,228738.0,7747,16945.0,2220,6.897099107000001,0.9,60447,845,60653,831,52313,5003,86.24964965,8.3
404,"Computer, automated teller, and office machine repairers",145593,6004,129949.0,5539,15644.0,2095,10.74502208,1.4,43661,1915,43659,1928,43673,4495,100.0320667,11.2
405,Radio and telecommunications equipment installers and repairers,138322,6289,125899.0,5928,12423.0,2228,8.981217738,1.6,52338,1632,52854,2360,43442,10452,82.19245469,20.1
416,Automotive service technicians and mechanics,726437,15434,717661.0,15506,8776.0,1806,1.208088244,0.2,36634,402,36695,391,28342,4672,77.23668075,12.8
424,Industrial and refractory machinery mechanics,350416,10034,339183.0,10181,11233.0,1697,3.205618465,0.5,51050,405,51187,410,43169,3594,84.33586653,7.1
425,"Maintenance and repair workers, general",438171,11007,426084.0,10720,12087.0,1785,2.7585120880000003,0.4,44573,1366,45007,1155,35977,5014,79.93645433,11.3
438,"Other installation, maintenance, and repair workers, including wind turbine service technicians",204755,9231,194046.0,8806,10709.0,1723,5.23015311,0.8,40529,615,40789,642,34637,5963,84.91750227,14.7
439,"Production, Transportation, and Material Moving Occupations",13690271,64520,10929107.0,51849,2761164.0,28922,20.16880455,0.2,36713,94,40181,88,27925,289,69.5,0.7
440,Production Occupations,7084690,46436,5206127.0,40236,1878563.0,21033,26.51581085,0.3,36773,117,40898,105,28241,344,69.1,0.9
441,First-line supervisors of production and operating workers,836803,16539,677383.0,14719,159420.0,7524,19.05107893,0.8,52520,780,56343,537,41397,792,73.47319099,1.6
443,"Electrical, electronics, and electromechanical assemblers",105464,5280,53762.0,4101,51702.0,3627,49.02336342,2.4,31438,385,34772,1871,29682,1341,85.36178534,6
446,Miscellaneous assemblers and fabricators,811317,16764,511277.0,13343,300040.0,8916,36.98184557,0.8,31485,214,33412,1002,28313,834,84.73901592,3.6
447,Bakers,148282,6803,68168.0,4671,80114.0,5074,54.02813558,2.4,25848,390,26896,522,24665,1141,91.70508626,4.6
448,"Butchers and other meat, poultry, and fish processing workers",202694,8272,159194.0,6906,43500.0,3482,21.46092139,1.5,29474,860,30898,612,25313,795,81.9243964,3
450,Food batchmakers,63244,4452,28012.0,2385,35232.0,3626,55.70805136,4.2,27101,760,31939,1389,25315,963,79.26046526,4.6
452,"Food processing workers, all other",113094,5689,74917.0,4384,38177.0,3288,33.75687481,2.4,31967,542,34446,2672,29998,1924,87.08703478,8.8
453,Computer control programmers and operators,84907,4120,77415.0,4209,7492.0,1461,8.823771892,1.7,44235,2280,45373,1290,35785,2082,78.86849007,5.1
457,"Cutting, punching, and press machine setters, operators, and tenders, metal and plastic",73711,4745,61267.0,4065,12444.0,1771,16.88214785,2.1,32249,557,33096,1845,29971,2491,90.55777133,9.1
462,Machinists,297165,8595,284315.0,8264,12850.0,1922,4.324196995,0.6,46666,620,47139,616,32065,2544,68.02223212,5.5
465,"Molders and molding machine setters, operators, and tenders, metal and plastic",33959,3206,28251.0,2702,5708.0,1424,16.80850437,3.9,35532,2033,37402,2218,29056,2224,77.68568526,7.5
468,"Welding, soldering, and brazing workers",475547,11769,449552.0,11970,25995.0,2549,5.466336661000001,0.5,40394,312,40770,313,31097,1236,76.27422124,3.1
473,"Metal workers and plastic workers, all other",326498,10828,258055.0,9788,68443.0,4278,20.96276241,1.1,35076,697,36748,558,29096,1262,79.17709807,3.6
474,Prepress technicians and workers,17187,1965,9888.0,1582,7299.0,1073,42.46814453,3.9,36257,1863,41563,3889,30647,3221,73.7362558,10.4
475,"Printing workers, except prepress technicians and workers",157832,6671,125189.0,5845,32643.0,3200,20.68211769,1.8,37214,814,40598,565,28722,1659,70.74732745,4.2
476,Laundry and dry-cleaning workers,116109,6198,46921.0,4130,69188.0,4924,59.58883463,2.8,22823,815,26697,1327,21245,589,79.57822976,4.5
477,"Pressers, textile, garment, and related materials",24529,2939,10530.0,2113,13999.0,2040,57.07122182,4.7,21308,1326,26667,2054,19094,2737,71.60160498,11.7
478,Sewing machine operators,129635,6981,38708.0,3745,90927.0,5489,70.14077988,1.9,23027,832,25189,1426,22358,546,88.76096709,5.5
481,"Tailors, dressmakers, and sewers",38822,3083,11704.0,2007,27118.0,2572,69.85214569,3.6,26152,1226,36186,5464,23975,1596,66.25490521,10.9
499,"Crushing, grinding, polishing, mixing, and blending workers",66068,4467,57898.0,3958,8170.0,1565,12.3660471,2.2,37087,999,38136,1989,29582,4393,77.56975037,12.2
500,Cutting workers,51485,4008,41676.0,3631,9809.0,1538,19.05215111,2.6,30780,853,31798,955,26199,1001,82.39197434,4
503,"Inspectors, testers, sorters, samplers, and weighers",666282,15505,414113.0,11109,252169.0,9309,37.84718783,1.1,41029,316,47048,661,32183,437,68.40460806,1.3
504,Jewelers and precious stone and metal workers,25368,3060,17016.0,2193,8352.0,1728,32.92336802,5.5,32523,3614,40173,3245,25842,2140,64.32678665,7.4
505,"Medical, dental, and ophthalmic laboratory technicians",58471,3788,30351.0,2615,28120.0,2534,48.09221665,3.0,36146,1063,41304,1186,32104,687,77.72612822,2.8
506,Packaging and filling machine operators and tenders,204703,7819,94628.0,5510,110075.0,5236,53.77302726,1.5,27178,456,31391,595,24791,803,78.97486541,3
507,Painting workers,126596,5775,111321.0,5682,15275.0,2207,12.06594205,1.7,36898,1117,39257,2251,26885,1570,68.48460147,5.6
508,Photographic process workers and processing machine operators,17651,2176,9662.0,1685,7989.0,1478,45.26089173,6.2,31397,1618,37525,9488,26314,5089,70.12391739,22.3
518,"Production workers, all other",953539,16363,704041.0,13156,249498.0,8381,26.16547409,0.8,35030,565,37414,556,27236,369,72.79627947,1.5
519,Transportation and Material Moving Occupations,6605581,46960,5722980.0,41102,882601.0,18409,13.4,0.2,36644,146,38520,388,27349,264,71,1
520,Transportation Occupations,4017489,37301,3621746.0,34183,395743.0,12387,9.850506125,0.3,41788,165,42389,187,31991,372,75.5,1
521,Supervisors of transportation and material moving workers,196226,6278,156914.0,5979,39312.0,3174,20.03404238,1.5,51318,678,53614,2090,40710,1332,75.93165964,3.9
524,Flight attendants,53686,5598,15733.0,2749,37953.0,4289,70.69440823,3.1,48586,3456,59579,4868,42869,6315,71.95320499,12.1
526,Bus drivers,280228,10080,178493.0,7724,101735.0,5865,36.30436644,1.6,35222,562,38539,1936,29570,1148,76.72747087,4.9
527,Driver/sales workers and truck drivers,2695081,29308,2570385.0,27501,124696.0,7410,4.626799714,0.3,42200,180,42435,280,32237,1165,75.96795098,2.8
528,Taxi drivers and chauffeurs,302027,10048,265426.0,10228,36601.0,3122,12.11845299,1.0,27925,1222,29130,1533,25365,1196,87.07518023,6.2
543,Material Moving Occupations,2588092,28499,2101234.0,24859,486858.0,11974,18.8114642,0.4,30616,141,31564,151,25006,359,79.2,1.2
548,Industrial truck and tractor operators,501490,11792,465444.0,10890,36046.0,3527,7.187780414,0.7,32303,306,32305,300,32272,1128,99.89784863,3.6
549,Cleaners of vehicles and equipment,225496,8477,192986.0,7818,32510.0,3507,14.41710718,1.5,25839,442,26267,449,22073,1042,84.03319755,4.2
550,"Laborers and freight, stock, and material movers, hand",1340831,19898,1107839.0,18038,232992.0,7793,17.37668655,0.5,30729,184,31424,215,26312,393,83.73217923,1.4
552,"Packers and packagers, hand",292614,10287,128616.0,7422,163998.0,8054,56.0458488,1.9,23676,509,26211,603,22013,333,83.98382359,2.3
